{
  "version": "2022.1",
  "applications": [],
  "platforms": [
    {
      "name": "Example_Template"
    }
  ],
  "systems": [
    {
      "name": "Example_s_axi_rw_system",
      "platform": "/mnt/ssd1/2024/Huins-ssd1/easysoc-pynq/sogang/export/vivado_template_rev6/template/vitis/Example_Template/export/Example_Template/Example_Template.xpfm",
      "sysConfig": "Example_Template",
      "buildConfig": "Debug",
      "applications": [
        {
          "name": "Example_s_axi_rw",
          "platform": "/mnt/ssd1/2024/Huins-ssd1/easysoc-pynq/sogang/export/vivado_template_rev6/template/vitis/Example_Template/export/Example_Template/Example_Template.xpfm",
          "platformPath": "/mnt/ssd1/2024/Huins-ssd1/easysoc-pynq/sogang/export/vivado_template_rev6/template/vitis/Example_Template/export/Example_Template",
          "sysConfig": "Example_Template",
          "domain": "standalone_psu_cortexa53_0",
          "system": "Example_s_axi_rw_system"
        }
      ],
      "platformPath": "/mnt/ssd1/2024/Huins-ssd1/easysoc-pynq/sogang/export/vivado_template_rev6/template/vitis/Example_Template/export/Example_Template"
    }
  ],
  "others": []
}